name,email,phone,designation,city,fbid,created_date
heena,heena@gmail.com,12345678,intern,mumbai,111,Thu Mar 27 2025 11:08:39 GMT+0530 (India Standard Time)
hello,test1@gmail.com,123456789,designer,Mumbbai,1,Thu Mar 27 2025 14:57:24 GMT+0530 (India Standard Time)
test3,test3@gmail.com,1234567890,intern,Mumbbai,3,Thu Mar 27 2025 14:57:24 GMT+0530 (India Standard Time)
test4,test4@gmail.com,98754321,sales,Mumbbai,4,Thu Mar 27 2025 14:57:24 GMT+0530 (India Standard Time)
test5,test5@gmail.com,1234567890,finance,Mumbbai,5,Thu Mar 27 2025 14:57:24 GMT+0530 (India Standard Time)
hello,test1@gmail.com,123456789,designer,Mumbbai,6,Fri Mar 28 2025 11:38:09 GMT+0530 (India Standard Time)
test2,test2@gmail.com,987543w21,developer,Mumbbai,7,Fri Mar 28 2025 11:38:09 GMT+0530 (India Standard Time)
test4,test4@gmail.com,98754321,sales,Mumbbai,9,Fri Mar 28 2025 11:38:09 GMT+0530 (India Standard Time)
test5,test5@gmail.com,1234567890,finance,Mumbbai,10,Fri Mar 28 2025 11:38:09 GMT+0530 (India Standard Time)
hello,test1@gmail.com,123456789,designer,Mumbbai,11,Fri Mar 28 2025 11:43:23 GMT+0530 (India Standard Time)
test2,test2@gmail.com,987543w21,developer,Mumbbai,12,Fri Mar 28 2025 11:43:23 GMT+0530 (India Standard Time)
test3,test3@gmail.com,1234567890,intern,Mumbbai,13,Fri Mar 28 2025 11:43:23 GMT+0530 (India Standard Time)
test4,test4@gmail.com,98754321,sales,Mumbbai,14,Fri Mar 28 2025 11:43:23 GMT+0530 (India Standard Time)
hello,test5@gmail.com,1234567890,finance,Mumbbai,15,Fri Mar 28 2025 11:43:23 GMT+0530 (India Standard Time)